"Title","Media URL","Pinterest board","Thumbnail","Description","Link","Publish date","Keywords"
"Por que finalizar o cabelo ondulado úmido por igual?","https://www.curvaviva.com.br/pinterest/programacao-2026-08-16/pin-05.png","Finalização e day after","","Uma mecha quase seca e outra molhada podem responder de formas diferentes ao mesmo finalizador. Veja como uniformizar a umidade e distribuir melhor o produto.","https://www.curvaviva.com.br/artigos/cabelo-ondulado-nao-define-erros/?utm_source=pinterest&utm_medium=organic&utm_campaign=programacao_2026_08_16&utm_content=pin_05","2026-08-17T17:00:00","finalização cabelo ondulado, cabelo úmido, ondas definidas"
"8 erros que fazem o cabelo ondulado perder definição","https://www.curvaviva.com.br/pinterest/programacao-2026-08-16/pin-06.png","Cabelo ondulado: leveza e definição","","As ondas não duram ou ficam sem forma? Reunimos oito erros de finalização que podem atrapalhar a definição e um teste simples para cada um.","https://www.curvaviva.com.br/artigos/cabelo-ondulado-nao-define-erros/?utm_source=pinterest&utm_medium=organic&utm_campaign=programacao_2026_08_16&utm_content=pin_06","2026-08-17T23:00:00","erros cabelo ondulado, definição, finalização ondulada, frizz"
"Widi Care Ondulando a Juba: vale para suas ondas?","https://www.curvaviva.com.br/pinterest/programacao-2026-08-16/pin-08.png","Produtos para cabelos com curvatura","","O creme Widi Care Ondulando a Juba foi desenvolvido para ondas. Veja por que ele liderou o comparativo e o que observar antes de aumentar a dose.","https://www.curvaviva.com.br/artigos/melhores-cremes-para-cabelo-ondulado-sem-pesar/?utm_source=pinterest&utm_medium=organic&utm_campaign=programacao_2026_08_16&utm_content=pin_08","2026-08-18T17:00:00","Widi Ondulando a Juba, creme para ondas, cabelo 2A 2B 2C"
"3 cremes para cabelo ondulado sem pesar","https://www.curvaviva.com.br/pinterest/programacao-2026-08-16/pin-09.png","Cabelo ondulado: leveza e definição","","Quer definição sem derrubar o volume? Veja três cremes de pentear para cabelo ondulado e escolha pela proposta, tamanho e necessidade da sua rotina.","https://www.curvaviva.com.br/artigos/melhores-cremes-para-cabelo-ondulado-sem-pesar/?utm_source=pinterest&utm_medium=organic&utm_campaign=programacao_2026_08_16&utm_content=pin_09","2026-08-18T23:00:00","melhor creme ondulado, ondas sem pesar, creme de pentear"
"Widi Care Juba Mousse 200 mL: para quem faz sentido?","https://www.curvaviva.com.br/pinterest/programacao-2026-08-16/pin-11.png","Produtos para cabelos com curvatura","","Veja a indicação oficial do Widi Care Juba Mousse, como a marca orienta aplicar e por que ele pode entrar num teste de finalização com menos camadas.","https://www.curvaviva.com.br/artigos/mousse-para-cabelo-ondulado-fino-funciona-sem-pesar/?utm_source=pinterest&utm_medium=organic&utm_campaign=programacao_2026_08_16&utm_content=pin_11","2026-08-19T17:00:00","Juba Mousse, Widi Care, mousse ondulado, finalizador"
"3 sinais de que a finalização está pesada","https://www.curvaviva.com.br/pinterest/programacao-2026-08-16/pin-15.png","Finalização e day after","","Seu cabelo seca sem movimento e com sensação de resíduo? Veja sinais de excesso e como descobrir se o problema está na dose ou na soma de camadas.","https://www.curvaviva.com.br/artigos/leave-in-ou-creme-de-pentear/?utm_source=pinterest&utm_medium=organic&utm_campaign=programacao_2026_08_16&utm_content=pin_15","2026-08-20T23:00:00","finalização pesada, cabelo sem volume, excesso de produto"
"3 passos para recuperar os cachos no day after","https://www.curvaviva.com.br/pinterest/programacao-2026-08-16/pin-18.png","Cabelo cacheado: definição e cuidado","","Recupere o desenho dos cachos sem molhar tudo: identifique as áreas amassadas, use pouca água e modele apenas as mechas que perderam forma.","https://www.curvaviva.com.br/artigos/como-recuperar-os-cachos-no-day-after-sem-lavar/?utm_source=pinterest&utm_medium=organic&utm_campaign=programacao_2026_08_16&utm_content=pin_18","2026-08-21T23:00:00","recuperar cachos, day after, cachos definidos"
"3 sinais de excesso de óleo no cabelo ondulado","https://www.curvaviva.com.br/pinterest/programacao-2026-08-16/pin-02.png","Finalização e day after","","Suas ondas perderam volume depois do óleo? Estes sinais ajudam a diferenciar acabamento de excesso e a ajustar uma coisa por vez na próxima finalização.","https://www.curvaviva.com.br/artigos/oleo-de-argan-pesa-no-cabelo-ondulado/?utm_source=pinterest&utm_medium=organic&utm_campaign=programacao_2026_08_16&utm_content=pin_02","2026-08-23T12:00:00","óleo no cabelo, cabelo ondulado pesado, finalização, ondas"
"Lola Argan Oil 50 mL: para quem faz sentido?","https://www.curvaviva.com.br/pinterest/programacao-2026-08-16/pin-03.png","Produtos para cabelos com curvatura","","O Lola Argan Oil 50 mL combina com uma finalização leve? Veja a indicação oficial, o modo de uso e como testar o óleo nas pontas sem mudar toda a rotina.","https://www.curvaviva.com.br/artigos/oleo-de-argan-pesa-no-cabelo-ondulado/?utm_source=pinterest&utm_medium=organic&utm_campaign=programacao_2026_08_16&utm_content=pin_03","2026-08-23T17:00:00","Lola Argan Oil, óleo de argan, cabelo ondulado, finalizador"
